{"version": "1", "message": "ERROR: Hidden Testcases server unreachable.", "problem_id": "ads2_m16_a1_1", "user_id": "pvsteja", "score": {"sample": {"0": {"execution_time": 0.2128734588623047, "passed": true}, "1": {"execution_time": 0.21901178359985352, "passed": true}, "2": {"execution_time": 0.4260087013244629, "passed": true}, "3": {"execution_time": 0.41716909408569336, "passed": true}, "4": {"execution_time": 0.4129014015197754, "passed": true}, "5": {"execution_time": 0.4300100803375244, "passed": true}, "6": {"execution_time": 0.4290742874145508, "passed": true}, "7": {"execution_time": 0.41701173782348633, "passed": true}, "8": {"execution_time": 0.24564361572265625, "passed": true}, "9": {"execution_time": 0.4044911861419678, "passed": true}, "10": {"execution_time": 0.4251594543457031, "passed": true}, "11": {"execution_time": 3.030118227005005, "passed": true}, "12": {"execution_time": 0.4138662815093994, "passed": true}, "13": {"execution_time": 0.18705320358276367, "passed": true}, "14": {"execution_time": 0.43104052543640137, "passed": true}, "15": {"execution_time": 0.41350722312927246, "passed": true}, "16": {"execution_time": 0.24381637573242188, "passed": true}, "17": {"execution_time": 0.2096564769744873, "passed": true}, "18": {"execution_time": 0.22048640251159668, "passed": true}, "19": {"execution_time": 0.23038578033447266, "passed": true}, "20": {"execution_time": 0.2438352108001709, "passed": true}, "21": {"execution_time": 0.23835301399230957, "passed": true}, "22": {"execution_time": 0.2164299488067627, "passed": true}, "23": {"execution_time": 0.22647809982299805, "passed": true}, "24": {"execution_time": 0.182600736618042, "passed": true}, "25": {"execution_time": 0.52260422706604, "passed": true}, "26": {"execution_time": 0.3999333381652832, "passed": true}, "27": {"execution_time": 0.47074246406555176, "passed": true}, "28": {"execution_time": 0.6712064743041992, "passed": true}, "29": {"execution_time": 0.17253994941711426, "passed": true}}}, "check_style_score": "0/1"}