{"version": "1", "message": "ERROR: Hidden Testcases server unreachable.", "problem_id": "ads2_m16_a1_1", "user_id": "priyankamaladi77", "score": {"sample": {"0": {"execution_time": 0.38832664489746094, "passed": true}, "1": {"execution_time": 0.39885425567626953, "passed": true}, "2": {"execution_time": 0.7439837455749512, "passed": true}, "3": {"execution_time": 0.6742763519287109, "passed": true}, "4": {"execution_time": 0.5845150947570801, "passed": true}, "5": {"execution_time": 0.7934629917144775, "passed": true}, "6": {"execution_time": 0.6207818984985352, "passed": true}, "7": {"execution_time": 0.6309776306152344, "passed": true}, "8": {"execution_time": 0.33211588859558105, "passed": true}, "9": {"execution_time": 0.6595840454101562, "passed": true}, "10": {"execution_time": 0.8029046058654785, "passed": true}, "11": {"execution_time": 3.8797693252563477, "passed": true}, "12": {"execution_time": 0.6308736801147461, "passed": true}, "13": {"execution_time": 0.41149044036865234, "passed": true}, "14": {"execution_time": 0.8902904987335205, "passed": true}, "15": {"execution_time": 0.5696303844451904, "passed": true}, "16": {"execution_time": 0.3101184368133545, "passed": true}, "17": {"execution_time": 0.3735826015472412, "passed": true}, "18": {"execution_time": 0.3565092086791992, "passed": true}, "19": {"execution_time": 0.40958142280578613, "passed": true}, "20": {"execution_time": 0.3855106830596924, "passed": true}, "21": {"execution_time": 0.2943110466003418, "passed": true}, "22": {"execution_time": 0.3819706439971924, "passed": true}, "23": {"execution_time": 0.37898874282836914, "passed": true}, "24": {"execution_time": 0.2719893455505371, "passed": true}, "25": {"execution_time": 0.6755149364471436, "passed": true}, "26": {"execution_time": 0.5745177268981934, "passed": true}, "27": {"execution_time": 0.652686595916748, "passed": true}, "28": {"execution_time": 1.039088487625122, "passed": true}, "29": {"execution_time": 0.23051047325134277, "passed": true}}}, "check_style_score": "0/1"}