{"version": "1", "message": "ERROR: Hidden Testcases server unreachable.", "problem_id": "ads2_m16_a1_1", "user_id": "pvsteja", "score": {"sample": {"0": {"execution_time": 0.22672152519226074, "passed": true}, "1": {"execution_time": 0.19888663291931152, "passed": true}, "2": {"execution_time": 0.4184455871582031, "passed": true}, "3": {"execution_time": 0.4155128002166748, "passed": true}, "4": {"execution_time": 0.43839287757873535, "passed": true}, "5": {"execution_time": 0.4247405529022217, "passed": true}, "6": {"execution_time": 0.4207589626312256, "passed": true}, "7": {"execution_time": 0.42179393768310547, "passed": true}, "8": {"execution_time": 0.22761201858520508, "passed": true}, "9": {"execution_time": 0.4059629440307617, "passed": true}, "10": {"execution_time": 0.4237096309661865, "passed": true}, "11": {"execution_time": 3.043506622314453, "passed": true}, "12": {"execution_time": 0.42134761810302734, "passed": true}, "13": {"execution_time": 0.19972872734069824, "passed": true}, "14": {"execution_time": 0.4159882068634033, "passed": true}, "15": {"execution_time": 0.43538594245910645, "passed": true}, "16": {"execution_time": 0.21950697898864746, "passed": true}, "17": {"execution_time": 0.21543073654174805, "passed": true}, "18": {"execution_time": 0.2255542278289795, "passed": true}, "19": {"execution_time": 0.2244725227355957, "passed": true}, "20": {"execution_time": 0.23918390274047852, "passed": true}, "21": {"execution_time": 0.2165665626525879, "passed": true}, "22": {"execution_time": 0.23699569702148438, "passed": true}, "23": {"execution_time": 0.23710227012634277, "passed": true}, "24": {"execution_time": 0.17931008338928223, "passed": true}, "25": {"execution_time": 0.4561138153076172, "passed": true}, "26": {"execution_time": 0.39080071449279785, "passed": true}, "27": {"execution_time": 0.43515563011169434, "passed": true}, "28": {"execution_time": 0.6908869743347168, "passed": true}, "29": {"execution_time": 0.20143604278564453, "passed": true}}}, "check_style_score": "0/1"}