{"version": "1", "message": "ERROR: Hidden Testcases server unreachable.", "problem_id": "ads2_m16_a1_1", "user_id": "pvsteja", "score": {"sample": {"0": {"execution_time": 0.6174664497375488, "passed": true}, "1": {"execution_time": 0.4808535575866699, "passed": true}, "2": {"execution_time": 0.995361328125, "passed": true}, "3": {"execution_time": 1.1023170948028564, "passed": true}, "4": {"execution_time": 0.9537880420684814, "passed": true}, "5": {"execution_time": 0.919722318649292, "passed": true}, "6": {"execution_time": 0.9655880928039551, "passed": true}, "7": {"execution_time": 1.0032951831817627, "passed": true}, "8": {"execution_time": 0.6191887855529785, "passed": true}, "9": {"execution_time": 1.2247493267059326, "passed": true}, "10": {"execution_time": 1.0694952011108398, "passed": true}, "11": {"execution_time": 6.483736753463745, "passed": true}, "12": {"execution_time": 0.9448690414428711, "passed": true}, "13": {"execution_time": 0.4419894218444824, "passed": true}, "14": {"execution_time": 0.8837027549743652, "passed": true}, "15": {"execution_time": 0.956953763961792, "passed": true}, "16": {"execution_time": 0.5493748188018799, "passed": true}, "17": {"execution_time": 0.4833414554595947, "passed": true}, "18": {"execution_time": 0.47598910331726074, "passed": true}, "19": {"execution_time": 0.559063196182251, "passed": true}, "20": {"execution_time": 0.6532576084136963, "passed": true}, "21": {"execution_time": 0.5035369396209717, "passed": true}, "22": {"execution_time": 0.5654864311218262, "passed": true}, "23": {"execution_time": 0.5310842990875244, "passed": true}, "24": {"execution_time": 0.41901206970214844, "passed": true}, "25": {"execution_time": 1.0325982570648193, "passed": true}, "26": {"execution_time": 0.8827321529388428, "passed": true}, "27": {"execution_time": 1.0801680088043213, "passed": true}, "28": {"execution_time": 1.4974300861358643, "passed": true}, "29": {"execution_time": 0.4828755855560303, "passed": false}}}, "check_style_score": "0/1"}