{"version": "1", "message": "ERROR: Hidden Testcases server unreachable.", "problem_id": "ads2_m16_a1_1", "user_id": "pvsteja", "score": {"sample": {"0": {"execution_time": 0.5500032901763916, "passed": false}, "1": {"execution_time": 0.545762300491333, "passed": false}, "2": {"execution_time": 0.9689595699310303, "passed": false}, "3": {"execution_time": 1.2107174396514893, "passed": false}, "4": {"execution_time": 1.1727344989776611, "passed": false}, "5": {"execution_time": 1.1452553272247314, "passed": false}, "6": {"execution_time": 0.8953287601470947, "passed": false}, "7": {"execution_time": 0.8811852931976318, "passed": false}, "8": {"execution_time": 0.5223867893218994, "passed": false}, "9": {"execution_time": 0.8255982398986816, "passed": false}, "10": {"execution_time": 0.833625078201294, "passed": false}, "11": {"execution_time": 0.4344770908355713, "passed": false}, "12": {"execution_time": 0.9019739627838135, "passed": false}, "13": {"execution_time": 0.49596381187438965, "passed": true}, "14": {"execution_time": 0.9990873336791992, "passed": false}, "15": {"execution_time": 0.8826382160186768, "passed": false}, "16": {"execution_time": 0.5773816108703613, "passed": false}, "17": {"execution_time": 0.5455605983734131, "passed": false}, "18": {"execution_time": 0.5410451889038086, "passed": false}, "19": {"execution_time": 0.5446619987487793, "passed": false}, "20": {"execution_time": 0.590872049331665, "passed": false}, "21": {"execution_time": 0.5264408588409424, "passed": false}, "22": {"execution_time": 0.5428426265716553, "passed": false}, "23": {"execution_time": 0.5919702053070068, "passed": false}, "24": {"execution_time": 0.4315309524536133, "passed": true}, "25": {"execution_time": 1.115433692932129, "passed": false}, "26": {"execution_time": 0.8246171474456787, "passed": false}, "27": {"execution_time": 0.8449275493621826, "passed": false}, "28": {"execution_time": 1.3056526184082031, "passed": false}, "29": {"execution_time": 0.46296119689941406, "passed": false}}}, "check_style_score": "1/1"}