{"version": "1", "message": "ERROR: Hidden Testcases server unreachable.", "problem_id": "ads2_m16_a1_1", "user_id": "pvsteja", "score": {"sample": {"0": {"execution_time": 0.1987905502319336, "passed": true}, "1": {"execution_time": 0.1990957260131836, "passed": true}, "2": {"execution_time": 0.41263508796691895, "passed": true}, "3": {"execution_time": 0.40371036529541016, "passed": true}, "4": {"execution_time": 0.42066407203674316, "passed": true}, "5": {"execution_time": 0.41776061058044434, "passed": true}, "6": {"execution_time": 0.42390942573547363, "passed": true}, "7": {"execution_time": 0.42541933059692383, "passed": true}, "8": {"execution_time": 0.229386568069458, "passed": true}, "9": {"execution_time": 0.4080536365509033, "passed": true}, "10": {"execution_time": 0.42424631118774414, "passed": true}, "11": {"execution_time": 3.0625739097595215, "passed": true}, "12": {"execution_time": 0.4260830879211426, "passed": true}, "13": {"execution_time": 0.1916365623474121, "passed": true}, "14": {"execution_time": 0.4199347496032715, "passed": true}, "15": {"execution_time": 0.4182014465332031, "passed": true}, "16": {"execution_time": 0.21765637397766113, "passed": true}, "17": {"execution_time": 0.21679472923278809, "passed": true}, "18": {"execution_time": 0.22219324111938477, "passed": true}, "19": {"execution_time": 0.2415761947631836, "passed": true}, "20": {"execution_time": 0.2508730888366699, "passed": true}, "21": {"execution_time": 0.2436068058013916, "passed": true}, "22": {"execution_time": 0.22483086585998535, "passed": true}, "23": {"execution_time": 0.24842262268066406, "passed": true}, "24": {"execution_time": 0.19494366645812988, "passed": true}, "25": {"execution_time": 0.4485039710998535, "passed": true}, "26": {"execution_time": 0.3823862075805664, "passed": true}, "27": {"execution_time": 0.4359865188598633, "passed": true}, "28": {"execution_time": 0.7147190570831299, "passed": true}, "29": {"execution_time": 0.17038989067077637, "passed": true}}}, "check_style_score": "0/1"}