{"version": "1", "message": "ERROR: Hidden Testcases server unreachable.", "problem_id": "ads2_m6_a1_1", "user_id": "pvsteja", "score": {"sample": {"0": {"execution_time": 0.4196350574493408, "passed": false}, "1": {"execution_time": 0.41083741188049316, "passed": false}, "2": {"execution_time": 0.38970017433166504, "passed": false}, "3": {"execution_time": 0.41652631759643555, "passed": false}, "4": {"execution_time": 0.44773006439208984, "passed": false}, "5": {"execution_time": 0.43022799491882324, "passed": false}, "6": {"execution_time": 0.41681575775146484, "passed": false}, "7": {"execution_time": 0.3826940059661865, "passed": false}, "8": {"execution_time": 0.4315454959869385, "passed": false}, "9": {"execution_time": 0.40563344955444336, "passed": false}, "10": {"execution_time": 0.37825608253479004, "passed": false}, "11": {"execution_time": 0.4338645935058594, "passed": false}}}, "check_style_score": "1/1"}