{"version": "1", "message": "ERROR: Hidden Testcases server unreachable.", "problem_id": "ads2_m6_a1_1", "user_id": "pvsteja", "score": {"sample": {"0": {"execution_time": 0.49057531356811523, "passed": false}, "1": {"execution_time": 0.4407021999359131, "passed": false}, "2": {"execution_time": 0.4112517833709717, "passed": false}, "3": {"execution_time": 0.5112366676330566, "passed": false}, "4": {"execution_time": 0.48305320739746094, "passed": false}, "5": {"execution_time": 0.3972792625427246, "passed": false}, "6": {"execution_time": 0.420269250869751, "passed": false}, "7": {"execution_time": 0.4091479778289795, "passed": false}, "8": {"execution_time": 0.5101242065429688, "passed": false}, "9": {"execution_time": 0.5070428848266602, "passed": false}, "10": {"execution_time": 0.4512364864349365, "passed": false}, "11": {"execution_time": 0.45757126808166504, "passed": false}}}, "check_style_score": "1/1"}